[
  {
    "Name": "Janvi",
    "ID": "12346",
    "Gender": "Female",
    "Skills": ["NodeJS", "Bootstrap","HTML"],
    "Project": "Cognizant Internal",
    "HCM": "Alex"
  },
  {
    "Name": "Jhon",
    "ID": "12347",
    "Gender": "Male",
    "Skills": ["Django", "Bootstrap"],
    "Project": "Cognizant Internal",
    "HCM": "Alex"
  },
  {
    "Name": "Niki",
    "ID": "12348",
    "Gender": "Female",
    "Skills": ["React","SASS"],
    "Project": "Cognizant Internal",
    "HCM": "Alex"
  },
  {
    "Name": "Himanshu",
    "ID": "12349",
    "Gender": "Male",
    "Skills": [".Net", "Bootstrap"],
    "Project": "Cognizant Internal",
    "HCM": "Alex"
  },
  {
    "Name": "Muskan",
    "ID": "12350",
    "Gender": "Female",
    "Skills": ["NodeJS", "Bootstrap"],
    "Project": "Cognizant Internal",
    "HCM": "Alex"
  },
  {
    "Name": "Mohit",
    "ID": "12351",
    "Gender": "Male",
    "Skills": ["ReactJs","Ruby"],
    "Project": "Cognizant Internal",
    "HCM": "Alex"
  },
  {
    "Name": "Neha",
    "ID": "12352",
    "Gender": "Female",
    "Skills": ["SASS", "Bootstrap"],
    "Project": "Cognizant Internal",
    "HCM": "Alex"
  },
  {
    "Name": "Ashish",
    "ID": "12353",
    "Gender": "Male",
    "Skills": ["ReactJs", "Typescript"],
    "Project": "Cognizant Internal",
    "HCM": "Alex"
  },
  {
    "Name": "Shivani",
    "ID": "12354",
    "Gender": "FeMale",
    "Skills": ["NodeJs", "AJAX"],
    "Project": "Cognizant Internal",
    "HCM": "Alex"
  }
 
]
